"fov","x_global_px","y_global_px"
10,7205.55555555556,144055.555555556
